Team1,Team2,Result
1112,1116,
1112,1124,
1112,1137,
1112,1139,
1112,1153,
1112,1166,
1112,1173,
1112,1181,
1112,1190,
1112,1195,
1112,1196,
1112,1199,
1112,1211,
1112,1233,
1112,1235,
1112,1240,
1112,1242,
1112,1243,
1112,1245,
1112,1246,
1112,1257,
1112,1266,
1112,1268,
1112,1274,
1112,1276,
1112,1277,
1112,1278,
1112,1291,
1112,1292,
1112,1297,
1112,1300,
1112,1305,
1112,1308,
1112,1309,
1112,1314,
1112,1315,0
1112,1321,
1112,1323,
1112,1329,
1112,1332,
1112,1343,
1112,1344,
1112,1345,
1112,1348,
1112,1355,
1112,1371,
1112,1374,
1112,1376,
1112,1388,0
1112,1407,
1112,1411,
1112,1413,
1112,1417,
1112,1423,
1112,1425,
1112,1433,
1112,1435,
1112,1436,
1112,1437,
1112,1438,
1112,1439,
1112,1448,
1112,1452,
1112,1455,
1112,1457,
1112,1458,
1112,1462,1
1116,1124,
1116,1137,
1116,1139,
1116,1153,
1116,1166,
1116,1173,
1116,1181,
1116,1190,
1116,1195,
1116,1196,
1116,1199,
1116,1211,
1116,1233,
1116,1235,
1116,1240,
1116,1242,
1116,1243,
1116,1245,
1116,1246,
1116,1257,
1116,1266,
1116,1268,
1116,1274,
1116,1276,
1116,1277,
1116,1278,
1116,1291,
1116,1292,
1116,1297,
1116,1300,
1116,1305,
1116,1308,
1116,1309,
1116,1314,
1116,1315,
1116,1321,
1116,1323,
1116,1329,
1116,1332,
1116,1343,
1116,1344,
1116,1345,
1116,1348,
1116,1355,
1116,1371,0
1116,1374,
1116,1376,
1116,1388,
1116,1407,
1116,1411,
1116,1413,
1116,1417,
1116,1423,
1116,1425,
1116,1433,
1116,1435,
1116,1436,
1116,1437,
1116,1438,
1116,1439,
1116,1448,
1116,1452,
1116,1455,
1116,1457,
1116,1458,
1116,1462,
1124,1137,
1124,1139,
1124,1153,
1124,1166,
1124,1173,
1124,1181,
1124,1190,
1124,1195,
1124,1196,
1124,1199,
1124,1211,
1124,1233,
1124,1235,
1124,1240,
1124,1242,
1124,1243,
1124,1245,
1124,1246,
1124,1257,
1124,1266,
1124,1268,
1124,1274,
1124,1276,
1124,1277,
1124,1278,
1124,1291,
1124,1292,
1124,1297,
1124,1300,
1124,1305,
1124,1308,0
1124,1309,
1124,1314,
1124,1315,
1124,1321,
1124,1323,
1124,1329,
1124,1332,
1124,1343,
1124,1344,
1124,1345,
1124,1348,
1124,1355,
1124,1371,
1124,1374,
1124,1376,1
1124,1388,
1124,1407,
1124,1411,
1124,1413,
1124,1417,
1124,1423,
1124,1425,0
1124,1433,
1124,1435,
1124,1436,
1124,1437,
1124,1438,
1124,1439,
1124,1448,
1124,1452,
1124,1455,
1124,1457,
1124,1458,
1124,1462,
1137,1139,
1137,1153,
1137,1166,
1137,1173,
1137,1181,
1137,1190,
1137,1195,
1137,1196,
1137,1199,
1137,1211,
1137,1233,
1137,1235,
1137,1240,
1137,1242,
1137,1243,
1137,1245,
1137,1246,
1137,1257,
1137,1266,
1137,1268,
1137,1274,
1137,1276,
1137,1277,
1137,1278,
1137,1291,
1137,1292,
1137,1297,
1137,1300,
1137,1305,
1137,1308,
1137,1309,
1137,1314,
1137,1315,
1137,1321,
1137,1323,
1137,1329,
1137,1332,
1137,1343,
1137,1344,
1137,1345,
1137,1348,
1137,1355,
1137,1371,
1137,1374,
1137,1376,
1137,1388,
1137,1407,
1137,1411,
1137,1413,
1137,1417,
1137,1423,
1137,1425,
1137,1433,
1137,1435,
1137,1436,
1137,1437,
1137,1438,
1137,1439,
1137,1448,
1137,1452,1
1137,1455,
1137,1457,
1137,1458,
1137,1462,
1139,1153,
1139,1166,
1139,1173,
1139,1181,
1139,1190,
1139,1195,
1139,1196,
1139,1199,
1139,1211,
1139,1233,
1139,1235,
1139,1240,
1139,1242,
1139,1243,
1139,1245,
1139,1246,
1139,1257,
1139,1266,
1139,1268,
1139,1274,
1139,1276,
1139,1277,
1139,1278,
1139,1291,
1139,1292,0
1139,1297,
1139,1300,
1139,1305,
1139,1308,
1139,1309,
1139,1314,1
1139,1315,
1139,1321,
1139,1323,
1139,1329,
1139,1332,
1139,1343,
1139,1344,
1139,1345,
1139,1348,
1139,1355,
1139,1371,
1139,1374,
1139,1376,
1139,1388,
1139,1407,
1139,1411,
1139,1413,
1139,1417,
1139,1423,
1139,1425,
1139,1433,
1139,1435,
1139,1436,
1139,1437,
1139,1438,
1139,1439,
1139,1448,
1139,1452,
1139,1455,
1139,1457,0
1139,1458,
1139,1462,
1153,1166,
1153,1173,
1153,1181,
1153,1190,
1153,1195,
1153,1196,
1153,1199,
1153,1211,
1153,1233,
1153,1235,
1153,1240,
1153,1242,
1153,1243,0
1153,1245,
1153,1246,
1153,1257,
1153,1266,
1153,1268,
1153,1274,
1153,1276,
1153,1277,
1153,1278,
1153,1291,
1153,1292,
1153,1297,
1153,1300,
1153,1305,
1153,1308,
1153,1309,
1153,1314,
1153,1315,
1153,1321,
1153,1323,
1153,1329,
1153,1332,
1153,1343,
1153,1344,
1153,1345,
1153,1348,
1153,1355,
1153,1371,
1153,1374,
1153,1376,
1153,1388,
1153,1407,
1153,1411,
1153,1413,
1153,1417,1
1153,1423,
1153,1425,
1153,1433,
1153,1435,
1153,1436,
1153,1437,
1153,1438,
1153,1439,
1153,1448,
1153,1452,
1153,1455,
1153,1457,
1153,1458,
1153,1462,
1166,1173,
1166,1181,
1166,1190,
1166,1195,
1166,1196,
1166,1199,
1166,1211,
1166,1233,
1166,1235,
1166,1240,
1166,1242,
1166,1243,
1166,1245,
1166,1246,
1166,1257,
1166,1266,
1166,1268,
1166,1274,
1166,1276,
1166,1277,
1166,1278,
1166,1291,
1166,1292,
1166,1297,
1166,1300,
1166,1305,
1166,1308,
1166,1309,
1166,1314,1
1166,1315,
1166,1321,
1166,1323,
1166,1329,
1166,1332,
1166,1343,
1166,1344,
1166,1345,
1166,1348,1
1166,1355,
1166,1371,
1166,1374,
1166,1376,
1166,1388,
1166,1407,
1166,1411,
1166,1413,
1166,1417,
1166,1423,
1166,1425,
1166,1433,
1166,1435,
1166,1436,
1166,1437,
1166,1438,
1166,1439,
1166,1448,
1166,1452,
1166,1455,
1166,1457,
1166,1458,
1166,1462,
1173,1181,
1173,1190,
1173,1195,
1173,1196,
1173,1199,
1173,1211,
1173,1233,
1173,1235,
1173,1240,
1173,1242,
1173,1243,
1173,1245,
1173,1246,
1173,1257,
1173,1266,
1173,1268,
1173,1274,
1173,1276,
1173,1277,
1173,1278,
1173,1291,
1173,1292,
1173,1297,
1173,1300,
1173,1305,
1173,1308,
1173,1309,
1173,1314,
1173,1315,
1173,1321,
1173,1323,
1173,1329,
1173,1332,
1173,1343,
1173,1344,
1173,1345,
1173,1348,
1173,1355,
1173,1371,
1173,1374,
1173,1376,
1173,1388,
1173,1407,
1173,1411,
1173,1413,
1173,1417,
1173,1423,
1173,1425,
1173,1433,
1173,1435,
1173,1436,
1173,1437,
1173,1438,
1173,1439,
1173,1448,
1173,1452,
1173,1455,1
1173,1457,
1173,1458,
1173,1462,
1181,1190,
1181,1195,
1181,1196,
1181,1199,
1181,1211,
1181,1233,
1181,1235,
1181,1240,
1181,1242,
1181,1243,
1181,1245,
1181,1246,
1181,1257,
1181,1266,
1181,1268,
1181,1274,
1181,1276,
1181,1277,
1181,1278,
1181,1291,
1181,1292,
1181,1297,
1181,1300,
1181,1305,
1181,1308,
1181,1309,
1181,1314,
1181,1315,
1181,1321,
1181,1323,
1181,1329,
1181,1332,
1181,1343,
1181,1344,
1181,1345,
1181,1348,
1181,1355,
1181,1371,
1181,1374,
1181,1376,1
1181,1388,
1181,1407,0
1181,1411,
1181,1413,
1181,1417,
1181,1423,
1181,1425,
1181,1433,
1181,1435,
1181,1436,
1181,1437,
1181,1438,
1181,1439,
1181,1448,
1181,1452,
1181,1455,
1181,1457,
1181,1458,
1181,1462,
1190,1195,
1190,1196,1
1190,1199,
1190,1211,
1190,1233,
1190,1235,
1190,1240,
1190,1242,
1190,1243,
1190,1245,
1190,1246,
1190,1257,
1190,1266,
1190,1268,
1190,1274,
1190,1276,
1190,1277,
1190,1278,
1190,1291,
1190,1292,
1190,1297,
1190,1300,
1190,1305,
1190,1308,
1190,1309,
1190,1314,
1190,1315,
1190,1321,
1190,1323,
1190,1329,
1190,1332,
1190,1343,
1190,1344,
1190,1345,
1190,1348,
1190,1355,
1190,1371,
1190,1374,
1190,1376,
1190,1388,
1190,1407,
1190,1411,
1190,1413,
1190,1417,
1190,1423,
1190,1425,
1190,1433,
1190,1435,
1190,1436,
1190,1437,
1190,1438,
1190,1439,
1190,1448,
1190,1452,
1190,1455,
1190,1457,
1190,1458,
1190,1462,
1195,1196,
1195,1199,1
1195,1211,
1195,1233,
1195,1235,
1195,1240,
1195,1242,
1195,1243,
1195,1245,
1195,1246,
1195,1257,
1195,1266,
1195,1268,
1195,1274,
1195,1276,
1195,1277,
1195,1278,
1195,1291,
1195,1292,
1195,1297,
1195,1300,
1195,1305,
1195,1308,
1195,1309,
1195,1314,
1195,1315,
1195,1321,
1195,1323,
1195,1329,
1195,1332,
1195,1343,
1195,1344,
1195,1345,
1195,1348,
1195,1355,
1195,1371,
1195,1374,
1195,1376,
1195,1388,
1195,1407,
1195,1411,
1195,1413,
1195,1417,
1195,1423,
1195,1425,
1195,1433,
1195,1435,
1195,1436,
1195,1437,
1195,1438,
1195,1439,
1195,1448,
1195,1452,
1195,1455,
1195,1457,
1195,1458,
1195,1462,
1196,1199,
1196,1211,
1196,1233,
1196,1235,
1196,1240,
1196,1242,
1196,1243,
1196,1245,
1196,1246,
1196,1257,
1196,1266,
1196,1268,
1196,1274,
1196,1276,
1196,1277,
1196,1278,
1196,1291,
1196,1292,
1196,1297,
1196,1300,
1196,1305,
1196,1308,
1196,1309,
1196,1314,
1196,1315,
1196,1321,
1196,1323,
1196,1329,
1196,1332,
1196,1343,
1196,1344,
1196,1345,
1196,1348,
1196,1355,
1196,1371,
1196,1374,
1196,1376,1
1196,1388,
1196,1407,
1196,1411,
1196,1413,
1196,1417,
1196,1423,
1196,1425,
1196,1433,
1196,1435,
1196,1436,
1196,1437,
1196,1438,0
1196,1439,
1196,1448,
1196,1452,
1196,1455,
1196,1457,
1196,1458,0
1196,1462,
1199,1211,
1199,1233,
1199,1235,
1199,1240,
1199,1242,
1199,1243,
1199,1245,
1199,1246,
1199,1257,
1199,1266,
1199,1268,
1199,1274,
1199,1276,
1199,1277,
1199,1278,
1199,1291,
1199,1292,
1199,1297,
1199,1300,
1199,1305,
1199,1308,
1199,1309,
1199,1314,
1199,1315,
1199,1321,
1199,1323,
1199,1329,
1199,1332,
1199,1343,
1199,1344,
1199,1345,
1199,1348,
1199,1355,
1199,1371,
1199,1374,
1199,1376,
1199,1388,
1199,1407,
1199,1411,
1199,1413,
1199,1417,
1199,1423,
1199,1425,
1199,1433,
1199,1435,
1199,1436,
1199,1437,
1199,1438,
1199,1439,
1199,1448,
1199,1452,
1199,1455,
1199,1457,
1199,1458,
1199,1462,1
1211,1233,
1211,1235,
1211,1240,
1211,1242,
1211,1243,
1211,1245,
1211,1246,
1211,1257,
1211,1266,
1211,1268,
1211,1274,
1211,1276,
1211,1277,
1211,1278,
1211,1291,
1211,1292,
1211,1297,
1211,1300,
1211,1305,
1211,1308,
1211,1309,
1211,1314,1
1211,1315,
1211,1321,0
1211,1323,
1211,1329,
1211,1332,
1211,1343,
1211,1344,
1211,1345,
1211,1348,
1211,1355,0
1211,1371,
1211,1374,
1211,1376,0
1211,1388,
1211,1407,
1211,1411,
1211,1413,
1211,1417,
1211,1423,
1211,1425,
1211,1433,
1211,1435,
1211,1436,
1211,1437,
1211,1438,
1211,1439,
1211,1448,
1211,1452,0
1211,1455,
1211,1457,
1211,1458,
1211,1462,0
1233,1235,
1233,1240,
1233,1242,
1233,1243,
1233,1245,
1233,1246,
1233,1257,
1233,1266,
1233,1268,
1233,1274,
1233,1276,
1233,1277,
1233,1278,
1233,1291,
1233,1292,
1233,1297,
1233,1300,
1233,1305,
1233,1308,
1233,1309,
1233,1314,
1233,1315,
1233,1321,
1233,1323,
1233,1329,
1233,1332,1
1233,1343,
1233,1344,
1233,1345,
1233,1348,
1233,1355,
1233,1371,
1233,1374,
1233,1376,
1233,1388,
1233,1407,
1233,1411,
1233,1413,
1233,1417,
1233,1423,
1233,1425,
1233,1433,
1233,1435,
1233,1436,
1233,1437,
1233,1438,
1233,1439,
1233,1448,
1233,1452,
1233,1455,
1233,1457,
1233,1458,
1233,1462,
1235,1240,
1235,1242,
1235,1243,
1235,1245,
1235,1246,
1235,1257,
1235,1266,
1235,1268,
1235,1274,
1235,1276,
1235,1277,
1235,1278,
1235,1291,
1235,1292,
1235,1297,
1235,1300,
1235,1305,0
1235,1308,
1235,1309,
1235,1314,
1235,1315,
1235,1321,
1235,1323,
1235,1329,
1235,1332,
1235,1343,
1235,1344,
1235,1345,1
1235,1348,
1235,1355,
1235,1371,
1235,1374,
1235,1376,
1235,1388,
1235,1407,
1235,1411,
1235,1413,
1235,1417,
1235,1423,
1235,1425,
1235,1433,
1235,1435,
1235,1436,
1235,1437,
1235,1438,
1235,1439,
1235,1448,
1235,1452,
1235,1455,
1235,1457,
1235,1458,
1235,1462,
1240,1242,
1240,1243,
1240,1245,
1240,1246,
1240,1257,1
1240,1266,
1240,1268,
1240,1274,
1240,1276,
1240,1277,
1240,1278,
1240,1291,
1240,1292,
1240,1297,
1240,1300,
1240,1305,
1240,1308,
1240,1309,
1240,1314,
1240,1315,
1240,1321,
1240,1323,
1240,1329,
1240,1332,
1240,1343,
1240,1344,
1240,1345,
1240,1348,
1240,1355,
1240,1371,
1240,1374,
1240,1376,
1240,1388,
1240,1407,
1240,1411,
1240,1413,
1240,1417,
1240,1423,
1240,1425,
1240,1433,
1240,1435,
1240,1436,
1240,1437,
1240,1438,
1240,1439,
1240,1448,
1240,1452,
1240,1455,
1240,1457,
1240,1458,
1240,1462,
1242,1243,
1242,1245,
1242,1246,
1242,1257,
1242,1266,
1242,1268,
1242,1274,
1242,1276,
1242,1277,0
1242,1278,
1242,1291,
1242,1292,
1242,1297,
1242,1300,
1242,1305,
1242,1308,
1242,1309,
1242,1314,1
1242,1315,
1242,1321,
1242,1323,
1242,1329,
1242,1332,1
1242,1343,
1242,1344,
1242,1345,0
1242,1348,
1242,1355,
1242,1371,
1242,1374,
1242,1376,
1242,1388,
1242,1407,
1242,1411,
1242,1413,0
1242,1417,
1242,1423,
1242,1425,
1242,1433,
1242,1435,
1242,1436,
1242,1437,
1242,1438,
1242,1439,
1242,1448,
1242,1452,
1242,1455,
1242,1457,
1242,1458,
1242,1462,
1243,1245,
1243,1246,
1243,1257,
1243,1266,
1243,1268,
1243,1274,
1243,1276,
1243,1277,
1243,1278,
1243,1291,
1243,1292,
1243,1297,
1243,1300,
1243,1305,
1243,1308,
1243,1309,
1243,1314,
1243,1315,
1243,1321,
1243,1323,
1243,1329,
1243,1332,
1243,1343,
1243,1344,
1243,1345,
1243,1348,
1243,1355,
1243,1371,
1243,1374,
1243,1376,
1243,1388,
1243,1407,
1243,1411,
1243,1413,
1243,1417,
1243,1423,
1243,1425,
1243,1433,
1243,1435,
1243,1436,
1243,1437,
1243,1438,
1243,1439,
1243,1448,
1243,1452,
1243,1455,
1243,1457,
1243,1458,
1243,1462,
1245,1246,
1245,1257,
1245,1266,
1245,1268,
1245,1274,
1245,1276,
1245,1277,
1245,1278,
1245,1291,
1245,1292,
1245,1297,
1245,1300,
1245,1305,
1245,1308,
1245,1309,
1245,1314,
1245,1315,
1245,1321,
1245,1323,
1245,1329,
1245,1332,
1245,1343,
1245,1344,
1245,1345,
1245,1348,
1245,1355,
1245,1371,
1245,1374,
1245,1376,
1245,1388,
1245,1407,
1245,1411,
1245,1413,
1245,1417,1
1245,1423,
1245,1425,
1245,1433,
1245,1435,
1245,1436,
1245,1437,
1245,1438,
1245,1439,
1245,1448,
1245,1452,
1245,1455,
1245,1457,
1245,1458,
1245,1462,
1246,1257,
1246,1266,
1246,1268,
1246,1274,
1246,1276,
1246,1277,
1246,1278,
1246,1291,
1246,1292,
1246,1297,0
1246,1300,
1246,1305,
1246,1308,
1246,1309,
1246,1314,1
1246,1315,
1246,1321,
1246,1323,
1246,1329,
1246,1332,
1246,1343,
1246,1344,
1246,1345,
1246,1348,
1246,1355,
1246,1371,
1246,1374,
1246,1376,
1246,1388,
1246,1407,
1246,1411,
1246,1413,
1246,1417,0
1246,1423,
1246,1425,
1246,1433,
1246,1435,
1246,1436,
1246,1437,
1246,1438,
1246,1439,
1246,1448,
1246,1452,
1246,1455,0
1246,1457,
1246,1458,
1246,1462,
1257,1266,
1257,1268,
1257,1274,
1257,1276,1
1257,1277,
1257,1278,
1257,1291,
1257,1292,
1257,1297,
1257,1300,
1257,1305,
1257,1308,
1257,1309,
1257,1314,
1257,1315,
1257,1321,
1257,1323,
1257,1329,
1257,1332,
1257,1343,
1257,1344,
1257,1345,
1257,1348,
1257,1355,
1257,1371,
1257,1374,
1257,1376,
1257,1388,
1257,1407,
1257,1411,
1257,1413,
1257,1417,
1257,1423,
1257,1425,
1257,1433,
1257,1435,
1257,1436,
1257,1437,
1257,1438,
1257,1439,
1257,1448,
1257,1452,
1257,1455,
1257,1457,
1257,1458,
1257,1462,
1266,1268,
1266,1274,
1266,1276,
1266,1277,
1266,1278,
1266,1291,
1266,1292,
1266,1297,
1266,1300,
1266,1305,
1266,1308,
1266,1309,
1266,1314,
1266,1315,
1266,1321,
1266,1323,
1266,1329,
1266,1332,
1266,1343,
1266,1344,
1266,1345,
1266,1348,
1266,1355,
1266,1371,
1266,1374,
1266,1376,1
1266,1388,
1266,1407,
1266,1411,
1266,1413,
1266,1417,
1266,1423,
1266,1425,
1266,1433,
1266,1435,
1266,1436,
1266,1437,
1266,1438,
1266,1439,
1266,1448,
1266,1452,
1266,1455,
1266,1457,
1266,1458,
1266,1462,
1268,1274,
1268,1276,
1268,1277,
1268,1278,
1268,1291,
1268,1292,
1268,1297,
1268,1300,
1268,1305,
1268,1308,
1268,1309,
1268,1314,
1268,1315,
1268,1321,
1268,1323,
1268,1329,
1268,1332,
1268,1343,
1268,1344,
1268,1345,
1268,1348,
1268,1355,
1268,1371,
1268,1374,
1268,1376,
1268,1388,
1268,1407,
1268,1411,
1268,1413,
1268,1417,
1268,1423,
1268,1425,
1268,1433,
1268,1435,
1268,1436,
1268,1437,
1268,1438,
1268,1439,
1268,1448,
1268,1452,
1268,1455,
1268,1457,
1268,1458,
1268,1462,1
1274,1276,
1274,1277,1
1274,1278,
1274,1291,
1274,1292,
1274,1297,
1274,1300,
1274,1305,
1274,1308,
1274,1309,
1274,1314,
1274,1315,
1274,1321,
1274,1323,
1274,1329,
1274,1332,
1274,1343,
1274,1344,
1274,1345,
1274,1348,
1274,1355,
1274,1371,
1274,1374,
1274,1376,
1274,1388,
1274,1407,
1274,1411,
1274,1413,
1274,1417,
1274,1423,
1274,1425,
1274,1433,
1274,1435,
1274,1436,
1274,1437,
1274,1438,
1274,1439,
1274,1448,
1274,1452,
1274,1455,
1274,1457,
1274,1458,
1274,1462,
1276,1277,
1276,1278,
1276,1291,
1276,1292,
1276,1297,
1276,1300,
1276,1305,
1276,1308,
1276,1309,
1276,1314,
1276,1315,
1276,1321,
1276,1323,
1276,1329,0
1276,1332,1
1276,1343,
1276,1344,
1276,1345,
1276,1348,
1276,1355,
1276,1371,
1276,1374,
1276,1376,
1276,1388,
1276,1407,
1276,1411,
1276,1413,
1276,1417,
1276,1423,
1276,1425,
1276,1433,
1276,1435,
1276,1436,
1276,1437,
1276,1438,
1276,1439,
1276,1448,
1276,1452,
1276,1455,
1276,1457,
1276,1458,
1276,1462,
1277,1278,
1277,1291,
1277,1292,
1277,1297,
1277,1300,
1277,1305,
1277,1308,
1277,1309,
1277,1314,
1277,1315,
1277,1321,
1277,1323,
1277,1329,
1277,1332,
1277,1343,
1277,1344,
1277,1345,
1277,1348,
1277,1355,
1277,1371,
1277,1374,
1277,1376,
1277,1388,
1277,1407,
1277,1411,
1277,1413,
1277,1417,
1277,1423,
1277,1425,
1277,1433,
1277,1435,
1277,1436,
1277,1437,
1277,1438,
1277,1439,
1277,1448,
1277,1452,
1277,1455,
1277,1457,
1277,1458,
1277,1462,
1278,1291,
1278,1292,1
1278,1297,
1278,1300,
1278,1305,
1278,1308,
1278,1309,
1278,1314,
1278,1315,
1278,1321,
1278,1323,
1278,1329,
1278,1332,
1278,1343,
1278,1344,
1278,1345,
1278,1348,
1278,1355,
1278,1371,
1278,1374,
1278,1376,
1278,1388,
1278,1407,
1278,1411,
1278,1413,
1278,1417,
1278,1423,
1278,1425,
1278,1433,
1278,1435,
1278,1436,
1278,1437,
1278,1438,
1278,1439,
1278,1448,
1278,1452,
1278,1455,
1278,1457,
1278,1458,
1278,1462,
1291,1292,
1291,1297,
1291,1300,
1291,1305,
1291,1308,
1291,1309,
1291,1314,
1291,1315,
1291,1321,
1291,1323,
1291,1329,
1291,1332,
1291,1343,
1291,1344,
1291,1345,
1291,1348,
1291,1355,
1291,1371,
1291,1374,
1291,1376,
1291,1388,
1291,1407,
1291,1411,
1291,1413,
1291,1417,
1291,1423,
1291,1425,
1291,1433,
1291,1435,
1291,1436,
1291,1437,1
1291,1438,
1291,1439,
1291,1448,
1291,1452,
1291,1455,
1291,1457,
1291,1458,
1291,1462,
1292,1297,
1292,1300,
1292,1305,
1292,1308,
1292,1309,
1292,1314,
1292,1315,
1292,1321,
1292,1323,
1292,1329,
1292,1332,
1292,1343,
1292,1344,
1292,1345,
1292,1348,
1292,1355,
1292,1371,
1292,1374,
1292,1376,
1292,1388,
1292,1407,
1292,1411,
1292,1413,
1292,1417,
1292,1423,
1292,1425,
1292,1433,
1292,1435,
1292,1436,
1292,1437,
1292,1438,
1292,1439,
1292,1448,
1292,1452,
1292,1455,
1292,1457,
1292,1458,
1292,1462,
1297,1300,
1297,1305,
1297,1308,
1297,1309,
1297,1314,
1297,1315,
1297,1321,
1297,1323,
1297,1329,
1297,1332,
1297,1343,
1297,1344,
1297,1345,
1297,1348,
1297,1355,
1297,1371,
1297,1374,
1297,1376,
1297,1388,
1297,1407,
1297,1411,
1297,1413,
1297,1417,
1297,1423,
1297,1425,
1297,1433,
1297,1435,
1297,1436,
1297,1437,
1297,1438,
1297,1439,
1297,1448,
1297,1452,
1297,1455,
1297,1457,
1297,1458,
1297,1462,
1300,1305,
1300,1308,
1300,1309,
1300,1314,
1300,1315,
1300,1321,
1300,1323,
1300,1329,
1300,1332,
1300,1343,
1300,1344,
1300,1345,
1300,1348,
1300,1355,
1300,1371,
1300,1374,
1300,1376,
1300,1388,
1300,1407,
1300,1411,
1300,1413,
1300,1417,
1300,1423,
1300,1425,
1300,1433,
1300,1435,
1300,1436,
1300,1437,
1300,1438,
1300,1439,
1300,1448,
1300,1452,
1300,1455,
1300,1457,
1300,1458,
1300,1462,
1305,1308,
1305,1309,
1305,1314,
1305,1315,
1305,1321,
1305,1323,
1305,1329,
1305,1332,
1305,1343,
1305,1344,
1305,1345,
1305,1348,
1305,1355,
1305,1371,
1305,1374,
1305,1376,
1305,1388,
1305,1407,
1305,1411,
1305,1413,
1305,1417,
1305,1423,
1305,1425,
1305,1433,
1305,1435,
1305,1436,
1305,1437,
1305,1438,
1305,1439,
1305,1448,
1305,1452,
1305,1455,
1305,1457,
1305,1458,
1305,1462,
1308,1309,
1308,1314,
1308,1315,
1308,1321,
1308,1323,
1308,1329,
1308,1332,
1308,1343,
1308,1344,
1308,1345,
1308,1348,
1308,1355,
1308,1371,
1308,1374,
1308,1376,
1308,1388,
1308,1407,
1308,1411,
1308,1413,
1308,1417,
1308,1423,
1308,1425,
1308,1433,
1308,1435,
1308,1436,
1308,1437,
1308,1438,
1308,1439,
1308,1448,
1308,1452,
1308,1455,
1308,1457,
1308,1458,
1308,1462,
1309,1314,
1309,1315,
1309,1321,
1309,1323,
1309,1329,
1309,1332,
1309,1343,
1309,1344,
1309,1345,
1309,1348,
1309,1355,
1309,1371,
1309,1374,
1309,1376,
1309,1388,
1309,1407,
1309,1411,
1309,1413,
1309,1417,
1309,1423,
1309,1425,
1309,1433,
1309,1435,
1309,1436,
1309,1437,
1309,1438,
1309,1439,
1309,1448,
1309,1452,
1309,1455,
1309,1457,
1309,1458,
1309,1462,
1314,1315,
1314,1321,
1314,1323,
1314,1329,
1314,1332,
1314,1343,
1314,1344,
1314,1345,
1314,1348,
1314,1355,
1314,1371,
1314,1374,
1314,1376,
1314,1388,
1314,1407,
1314,1411,0
1314,1413,
1314,1417,
1314,1423,
1314,1425,
1314,1433,
1314,1435,
1314,1436,
1314,1437,
1314,1438,
1314,1439,
1314,1448,
1314,1452,
1314,1455,
1314,1457,
1314,1458,
1314,1462,
1315,1321,
1315,1323,
1315,1329,
1315,1332,
1315,1343,
1315,1344,
1315,1345,
1315,1348,
1315,1355,
1315,1371,
1315,1374,
1315,1376,
1315,1388,
1315,1407,
1315,1411,
1315,1413,
1315,1417,
1315,1423,
1315,1425,
1315,1433,
1315,1435,
1315,1436,
1315,1437,
1315,1438,
1315,1439,
1315,1448,
1315,1452,
1315,1455,
1315,1457,
1315,1458,
1315,1462,
1321,1323,
1321,1329,
1321,1332,
1321,1343,
1321,1344,
1321,1345,
1321,1348,
1321,1355,
1321,1371,
1321,1374,
1321,1376,
1321,1388,
1321,1407,
1321,1411,
1321,1413,
1321,1417,
1321,1423,
1321,1425,
1321,1433,
1321,1435,0
1321,1436,
1321,1437,
1321,1438,
1321,1439,
1321,1448,
1321,1452,
1321,1455,
1321,1457,
1321,1458,
1321,1462,
1323,1329,
1323,1332,
1323,1343,0
1323,1344,
1323,1345,
1323,1348,
1323,1355,
1323,1371,
1323,1374,
1323,1376,
1323,1388,
1323,1407,
1323,1411,
1323,1413,
1323,1417,
1323,1423,
1323,1425,
1323,1433,
1323,1435,
1323,1436,
1323,1437,
1323,1438,
1323,1439,
1323,1448,
1323,1452,1
1323,1455,
1323,1457,
1323,1458,
1323,1462,
1329,1332,
1329,1343,
1329,1344,
1329,1345,
1329,1348,
1329,1355,
1329,1371,
1329,1374,
1329,1376,
1329,1388,
1329,1407,
1329,1411,
1329,1413,
1329,1417,
1329,1423,
1329,1425,
1329,1433,
1329,1435,
1329,1436,
1329,1437,
1329,1438,
1329,1439,
1329,1448,
1329,1452,
1329,1455,
1329,1457,
1329,1458,
1329,1462,
1332,1343,
1332,1344,
1332,1345,
1332,1348,0
1332,1355,
1332,1371,
1332,1374,
1332,1376,
1332,1388,
1332,1407,
1332,1411,
1332,1413,
1332,1417,
1332,1423,
1332,1425,
1332,1433,
1332,1435,
1332,1436,
1332,1437,
1332,1438,
1332,1439,
1332,1448,
1332,1452,
1332,1455,
1332,1457,
1332,1458,
1332,1462,
1343,1344,
1343,1345,
1343,1348,
1343,1355,
1343,1371,
1343,1374,
1343,1376,
1343,1388,
1343,1407,
1343,1411,
1343,1413,
1343,1417,
1343,1423,
1343,1425,
1343,1433,
1343,1435,
1343,1436,
1343,1437,
1343,1438,
1343,1439,
1343,1448,
1343,1452,
1343,1455,
1343,1457,
1343,1458,
1343,1462,
1344,1345,
1344,1348,
1344,1355,
1344,1371,
1344,1374,
1344,1376,
1344,1388,
1344,1407,
1344,1411,
1344,1413,
1344,1417,
1344,1423,
1344,1425,
1344,1433,
1344,1435,
1344,1436,
1344,1437,
1344,1438,
1344,1439,
1344,1448,
1344,1452,
1344,1455,
1344,1457,
1344,1458,
1344,1462,
1345,1348,
1345,1355,
1345,1371,
1345,1374,
1345,1376,
1345,1388,
1345,1407,
1345,1411,
1345,1413,
1345,1417,
1345,1423,
1345,1425,
1345,1433,
1345,1435,
1345,1436,0
1345,1437,
1345,1438,
1345,1439,
1345,1448,
1345,1452,
1345,1455,
1345,1457,
1345,1458,
1345,1462,
1348,1355,
1348,1371,
1348,1374,
1348,1376,
1348,1388,
1348,1407,
1348,1411,
1348,1413,
1348,1417,
1348,1423,
1348,1425,
1348,1433,
1348,1435,
1348,1436,
1348,1437,
1348,1438,
1348,1439,
1348,1448,
1348,1452,
1348,1455,
1348,1457,
1348,1458,
1348,1462,
1355,1371,
1355,1374,
1355,1376,
1355,1388,
1355,1407,
1355,1411,
1355,1413,
1355,1417,
1355,1423,
1355,1425,
1355,1433,
1355,1435,
1355,1436,
1355,1437,
1355,1438,
1355,1439,
1355,1448,
1355,1452,
1355,1455,
1355,1457,
1355,1458,
1355,1462,
1371,1374,
1371,1376,
1371,1388,
1371,1407,
1371,1411,
1371,1413,
1371,1417,
1371,1423,
1371,1425,
1371,1433,
1371,1435,
1371,1436,
1371,1437,
1371,1438,
1371,1439,
1371,1448,
1371,1452,
1371,1455,
1371,1457,
1371,1458,
1371,1462,
1374,1376,
1374,1388,
1374,1407,
1374,1411,
1374,1413,
1374,1417,
1374,1423,
1374,1425,1
1374,1433,
1374,1435,
1374,1436,
1374,1437,
1374,1438,
1374,1439,
1374,1448,
1374,1452,
1374,1455,
1374,1457,
1374,1458,
1374,1462,
1376,1388,
1376,1407,
1376,1411,
1376,1413,
1376,1417,
1376,1423,
1376,1425,
1376,1433,
1376,1435,
1376,1436,
1376,1437,
1376,1438,
1376,1439,
1376,1448,
1376,1452,
1376,1455,
1376,1457,
1376,1458,
1376,1462,
1388,1407,
1388,1411,
1388,1413,
1388,1417,
1388,1423,
1388,1425,
1388,1433,0
1388,1435,
1388,1436,
1388,1437,
1388,1438,
1388,1439,
1388,1448,
1388,1452,
1388,1455,
1388,1457,
1388,1458,
1388,1462,
1407,1411,
1407,1413,
1407,1417,
1407,1423,
1407,1425,
1407,1433,
1407,1435,
1407,1436,
1407,1437,
1407,1438,
1407,1439,
1407,1448,
1407,1452,
1407,1455,
1407,1457,
1407,1458,
1407,1462,
1411,1413,
1411,1417,
1411,1423,
1411,1425,
1411,1433,
1411,1435,
1411,1436,
1411,1437,
1411,1438,
1411,1439,
1411,1448,
1411,1452,
1411,1455,
1411,1457,
1411,1458,
1411,1462,
1413,1417,
1413,1423,
1413,1425,
1413,1433,
1413,1435,
1413,1436,
1413,1437,
1413,1438,
1413,1439,
1413,1448,
1413,1452,
1413,1455,
1413,1457,
1413,1458,
1413,1462,
1417,1423,
1417,1425,
1417,1433,
1417,1435,
1417,1436,
1417,1437,
1417,1438,
1417,1439,
1417,1448,
1417,1452,
1417,1455,
1417,1457,
1417,1458,
1417,1462,
1423,1425,
1423,1433,
1423,1435,
1423,1436,
1423,1437,
1423,1438,1
1423,1439,
1423,1448,
1423,1452,
1423,1455,
1423,1457,
1423,1458,
1423,1462,
1425,1433,
1425,1435,
1425,1436,
1425,1437,
1425,1438,
1425,1439,
1425,1448,
1425,1452,
1425,1455,
1425,1457,
1425,1458,
1425,1462,
1433,1435,
1433,1436,
1433,1437,
1433,1438,
1433,1439,
1433,1448,
1433,1452,
1433,1455,
1433,1457,
1433,1458,
1433,1462,
1435,1436,
1435,1437,
1435,1438,
1435,1439,
1435,1448,
1435,1452,
1435,1455,
1435,1457,
1435,1458,
1435,1462,
1436,1437,
1436,1438,
1436,1439,
1436,1448,
1436,1452,
1436,1455,
1436,1457,
1436,1458,
1436,1462,
1437,1438,
1437,1439,
1437,1448,
1437,1452,
1437,1455,
1437,1457,
1437,1458,1
1437,1462,
1438,1439,
1438,1448,
1438,1452,
1438,1455,
1438,1457,
1438,1458,
1438,1462,
1439,1448,
1439,1452,
1439,1455,
1439,1457,
1439,1458,1
1439,1462,
1448,1452,
1448,1455,
1448,1457,
1448,1458,
1448,1462,
1452,1455,
1452,1457,
1452,1458,
1452,1462,
1455,1457,
1455,1458,
1455,1462,
1457,1458,
1457,1462,
1458,1462,
